{"max": {"temporal": {"1 km 16 days NDVI": 95480000.0, "1 km 16 days EVI": 82640000.0, "ET_500m": 3276.60009765625, "LST_Day_1km": 335.47998046875, "LST_Night_1km": 307.05999755859375, "Fpar_500m": 2.5399999618530273, "Lai_500m": 25.399999618530273, "era5_max_u10": 15.80929946899414, "era5_max_v10": 17.8162899017334, "era5_max_d2m": 299.8358459472656, "era5_max_t2m": 316.3471374511719, "era5_max_sp": 103897.96875, "era5_max_tp": 0.15346217155456543, "era5_min_u10": 12.351731300354004, "era5_min_v10": 13.868958473205566, "era5_min_d2m": 297.3531494140625, "era5_min_t2m": 303.35546875, "era5_min_sp": 103639.1328125, "era5_min_tp": 0.040535978972911835, "era5_avg_u10": 14.071532249450684, "era5_avg_v10": 15.814491271972656, "era5_avg_d2m": 298.31304931640625, "era5_avg_t2m": 308.8110046386719, "era5_avg_sp": 103780.09375, "era5_avg_tp": 0.07256373763084412, "smian": 73.21208190917969, "sminx": 0.9867200255393982, "fwi": 96.23851013183594, "era5_max_wind_u10": 15.80929946899414, "era5_max_wind_v10": 17.8162899017334, "era5_max_wind_speed": 19.560888290405273, "era5_max_wind_direction": 359.9952697753906, "era5_max_rh": 11.317499160766602, "era5_min_rh": 0.998081624507904, "era5_avg_rh": 2.1081817150115967, "dem_mean": 2698.57666015625, "aspect_mean": 359.99896240234375, "slope_mean": 32.53971862792969, "roughness_mean": 1360.6329345703125, "roads_distance": 42.68199920654297, "waterway_distance": 54.393001556396484, "population_density": 21681.7578125}, "spatial": {"1 km 16 days NDVI": 100000000.0, "1 km 16 days EVI": 94860000.0, "ET_500m": 3276.60009765625, "LST_Day_1km": 329.41998291015625, "LST_Night_1km": 322.1399841308594, "Fpar_500m": 2.5399999618530273, "Lai_500m": 25.399999618530273, "era5_max_u10": 14.255133628845215, "era5_max_v10": 17.641292572021484, "era5_max_d2m": 298.91607666015625, "era5_max_t2m": 316.7660827636719, "era5_max_sp": 104283.1953125, "era5_max_tp": 0.14921122789382935, "era5_min_u10": 10.397233009338379, "era5_min_v10": 13.868958473205566, "era5_min_d2m": 297.1949157714844, "era5_min_t2m": 303.83642578125, "era5_min_sp": 104039.078125, "era5_min_tp": 0.04179251566529274, "era5_avg_u10": 11.214367866516113, "era5_avg_v10": 15.814491271972656, "era5_avg_d2m": 297.7455139160156, "era5_avg_t2m": 309.7573547363281, "era5_avg_sp": 104127.7265625, "era5_avg_tp": 0.06660870462656021, "smian": 44.027809143066406, "sminx": 0.9893400073051453, "fwi": 95.09331512451172, "era5_max_wind_u10": 14.05974006652832, "era5_max_wind_v10": 17.641292572021484, "era5_max_wind_speed": 19.44420623779297, "era5_max_wind_direction": 359.9980773925781, "era5_max_rh": 1.0002278089523315, "era5_min_rh": 0.9945205450057983, "era5_avg_rh": 0.9983923435211182, "dem_mean": 2756.943359375, "aspect_mean": 359.99945068359375, "slope_mean": 33.21424865722656, "roughness_mean": 1433.067626953125, "roads_distance": 46.08100128173828, "waterway_distance": 56.7859992980957, "population_density": 78900.2578125}, "spatiotemporal": {"1 km 16 days NDVI": 100000000.0, "1 km 16 days EVI": 99790000.0, "ET_500m": 3276.60009765625, "LST_Day_1km": 340.41998291015625, "LST_Night_1km": 330.739990234375, "Fpar_500m": 2.5399999618530273, "Lai_500m": 25.399999618530273, "era5_max_u10": 15.80929946899414, "era5_max_v10": 17.82870101928711, "era5_max_d2m": 299.8358459472656, "era5_max_t2m": 316.8912048339844, "era5_max_sp": 104935.9140625, "era5_max_tp": 0.16601739823818207, "era5_min_u10": 12.351731300354004, "era5_min_v10": 13.868958473205566, "era5_min_d2m": 297.4697570800781, "era5_min_t2m": 303.83642578125, "era5_min_sp": 104057.25, "era5_min_tp": 0.04179251566529274, "era5_avg_u10": 14.071532249450684, "era5_avg_v10": 15.814491271972656, "era5_avg_d2m": 298.4575500488281, "era5_avg_t2m": 310.24774169921875, "era5_avg_sp": 104155.7265625, "era5_avg_tp": 0.08079244941473007, "smian": 538.6431274414062, "sminx": 1.0024700164794922, "fwi": 97.62564849853516, "era5_max_wind_u10": 15.80929946899414, "era5_max_wind_v10": 17.82870101928711, "era5_max_wind_speed": 20.21953582763672, "era5_max_wind_direction": 359.9980773925781, "era5_max_rh": 17.89443016052246, "era5_min_rh": 0.9985431432723999, "era5_avg_rh": 3.2509305477142334, "dem_mean": 2756.943359375, "aspect_mean": 359.99945068359375, "slope_mean": 33.21424865722656, "roughness_mean": 1433.067626953125, "roads_distance": 46.08100128173828, "waterway_distance": 56.7859992980957, "population_density": 78900.2578125}}, "min": {"temporal": {"1 km 16 days NDVI": -17850000.0, "1 km 16 days EVI": -12840000.0, "ET_500m": 0.0, "LST_Day_1km": 253.89999389648438, "LST_Night_1km": 248.0399932861328, "Fpar_500m": 0.0, "Lai_500m": 0.0, "era5_max_u10": -11.934907913208008, "era5_max_v10": -15.503634452819824, "era5_max_d2m": 255.8496856689453, "era5_max_t2m": 261.03759765625, "era5_max_sp": 78096.859375, "era5_max_tp": 0.0, "era5_min_u10": -17.409297943115234, "era5_min_v10": -18.543100357055664, "era5_min_d2m": 249.9922637939453, "era5_min_t2m": 245.9860076904297, "era5_min_sp": 76935.984375, "era5_min_tp": 0.0, "era5_avg_u10": -13.787964820861816, "era5_avg_v10": -17.095352172851562, "era5_avg_d2m": 253.71678161621094, "era5_avg_t2m": 258.6502990722656, "era5_avg_sp": 77580.9140625, "era5_avg_tp": 0.0, "smian": -463.88311767578125, "sminx": -0.013580000028014183, "fwi": 1.7290494591648553e-09, "era5_max_wind_u10": -17.409297943115234, "era5_max_wind_v10": -18.543100357055664, "era5_max_wind_speed": 0.3295276165008545, "era5_max_wind_direction": 0.0020751953125, "era5_max_rh": 0.1996268779039383, "era5_min_rh": 0.05733988806605339, "era5_avg_rh": 0.16897088289260864, "dem_mean": -6.3838701248168945, "aspect_mean": 3.814697265625e-05, "slope_mean": 0.0001841912599047646, "roughness_mean": 0.022049810737371445, "roads_distance": -0.09300000220537186, "waterway_distance": -0.07100000232458115, "population_density": 0.0}, "spatial": {"1 km 16 days NDVI": -20000000.0, "1 km 16 days EVI": -20000000.0, "ET_500m": 0.0, "LST_Day_1km": 251.05999755859375, "LST_Night_1km": 234.33999633789062, "Fpar_500m": 0.0, "Lai_500m": 0.0, "era5_max_u10": -10.467209815979004, "era5_max_v10": -15.517287254333496, "era5_max_d2m": 254.97708129882812, "era5_max_t2m": 264.1486511230469, "era5_max_sp": 78096.859375, "era5_max_tp": 0.0, "era5_min_u10": -14.791135787963867, "era5_min_v10": -18.543100357055664, "era5_min_d2m": 250.01632690429688, "era5_min_t2m": 256.6087341308594, "era5_min_sp": 76935.984375, "era5_min_tp": 0.0, "era5_avg_u10": -11.739047050476074, "era5_avg_v10": -17.095352172851562, "era5_avg_d2m": 253.40077209472656, "era5_avg_t2m": 261.6019592285156, "era5_avg_sp": 77580.9140625, "era5_avg_tp": 0.0, "smian": -516.7706298828125, "sminx": -0.09492000192403793, "fwi": 1.7290494591648553e-09, "era5_max_wind_u10": -14.791135787963867, "era5_max_wind_v10": -18.543100357055664, "era5_max_wind_speed": 0.26135602593421936, "era5_max_wind_direction": 0.0019683837890625, "era5_max_rh": 0.23842744529247284, "era5_min_rh": 0.05753433704376221, "era5_avg_rh": 0.16987663507461548, "dem_mean": -12.768290519714355, "aspect_mean": 0.0, "slope_mean": 0.0, "roughness_mean": 0.0, "roads_distance": -0.14300000667572021, "waterway_distance": -0.09300000220537186, "population_density": 0.0}, "spatiotemporal": {"1 km 16 days NDVI": -20000000.0, "1 km 16 days EVI": -20000000.0, "ET_500m": 0.0, "LST_Day_1km": 247.36000061035156, "LST_Night_1km": 233.09999084472656, "Fpar_500m": 0.0, "Lai_500m": 0.0, "era5_max_u10": -11.956244468688965, "era5_max_v10": -15.877827644348145, "era5_max_d2m": 253.59092712402344, "era5_max_t2m": 260.78948974609375, "era5_max_sp": 77734.5703125, "era5_max_tp": 0.0, "era5_min_u10": -17.848934173583984, "era5_min_v10": -19.126419067382812, "era5_min_d2m": 248.8762969970703, "era5_min_t2m": 245.71287536621094, "era5_min_sp": 76821.7109375, "era5_min_tp": 0.0, "era5_avg_u10": -13.917946815490723, "era5_avg_v10": -17.4976749420166, "era5_avg_d2m": 252.3710174560547, "era5_avg_t2m": 257.422119140625, "era5_avg_sp": 77580.9140625, "era5_avg_tp": 0.0,